5 Pack Easter Basket Stuffers,Squishy Easter Bunny Stress Balls Toys for Adults,Stress Relief Balls to Relax, Easter Gifts Easter Basket Filler,$9.99,https://m.media-amazon.com/images/I/617aEc5U1dL._AC_UL320_.jpg
Joliyoou 6FT H Easter Inflatable Yard Decoration, Lighted Giant Carrot House with Bunny & Chick, Light Up Air Blown Rabbit Holding Easter Egg Lawn Garden Spring Indoor Outdoor Decors,$39.99,https://m.media-amazon.com/images/I/81QUBtVPJBL._AC_UL320_.jpg
How to Catch the Easter Bunny,$7.55,https://m.media-amazon.com/images/I/810bsxh1MmL._AC_UL320_.jpg
Move2Play, Egg Toss, Hilariously Wild and Fun, Easter Basket Stuffer, Easter Gift for Kids and Toddlers, Kids Game,$19.99,https://m.media-amazon.com/images/I/814OAaMvyxL._AC_UL320_.jpg
LEGO Bird’s Nest Building Toy Kit, Makes a Great Easter Basket Filler and Easter Gift Idea for Kids, 40639,$12.99,https://m.media-amazon.com/images/I/81Zx57hy6FL._AC_UL320_.jpg
Jofan 6 Pack Prefilled Jumbo Plastic Easter Eggs with Easter Light Up Bath Toys Inside for Kids Boys Girls Toddlers Easter Basket Stuffers Gifts Party Favors,$9.99,https://m.media-amazon.com/images/I/61Zz6zipj2L._AC_UL320_.jpg
Easter Basket Stuffers, 4 Pack Squishy Easter Bunny Stress Balls for Adults, Easter Basket Stuffers, Easter Toys Stress Relief Fidget Balls ,Easter Basket Ideas Gifts,$12.99,https://m.media-amazon.com/images/I/71IarGeYE5L._AC_UL320_.jpg
Play Doh Eggs 24-Pack of Non-Toxic Modeling Compound, Party Favors, Kids Easter Basket Stuffers, Egg Fillers, Gifts, Pinata Toys, and More, Ages 2+ (Amazon Exclusive),$19.43,https://m.media-amazon.com/images/I/71OHTuBoL+L._AC_UL320_.jpg
Squishmallows Original 8-Inch Empressa Pink Chick Easter Egg - Official Jazwares Plush,$12.99,https://m.media-amazon.com/images/I/61UHoVe+k9L._AC_UL320_.jpg
Dan&Darci Egg Squishy Painting Kit - Arts and Crafts for Girls and Boys - Kids Easter Art Activities - Craft Gift for Kids Ages 4 5 6 7 8 9 10 Year Old Girls - Paint 6 Slow Rising Squishies,$12.99,https://m.media-amazon.com/images/I/71L8RnxYtJL._AC_UL320_.jpg
Exorany Busy Board Montessori Toys for 1 2 3 4 Year Old Boys & Girls Birthday Gifts, Easter Sensory Toys for Toddlers 1-3, Educational Travel Toys, Preschool Activities for Learning Fine Motor Skills,$19.98,https://m.media-amazon.com/images/I/81Ujy7UJnZL._AC_UL320_.jpg
LEVSOX Plus Size Compression Socks for Women Men Wide Calf Extra Large 15-20 mmHg Knee High Sock for Nurses Pregnant Travel,$26.99,https://m.media-amazon.com/images/I/61sKx795xmL._AC_UL320_.jpg
KOKODI LCD Writing Tablet, 10 Inch Colorful Toddler Doodle Board Drawing Tablet, Erasable Reusable Electronic Drawing Pads, Educational and Learning Toy for 3-6 Years Old Boy and Girls,$13.99,https://m.media-amazon.com/images/I/71JXJ0I9e-L._AC_UL320_.jpg
Jewelry&Card Inspirational gifts for Women, Men - Sometimes You Forget You're Awesome Bracelets with Natural Stone, Unique Small Gifts for Birthday,$14.99,https://m.media-amazon.com/images/I/81QJP6tHdDL._AC_UL320_.jpg
Pop Fidget Balls Easter Toys, Easter Basket Stuffers, Stress Balls Autism Sensory Toys Gifts for Adult and Kids, Eggs and Rabbit Squeeze Toy (6 Pack A),$9.99,https://m.media-amazon.com/images/I/71wvMooCSzL._AC_UL320_.jpg
24Pcs Easter Bingo Cards for Easter Bingo Game，Kids School Classroom Activities Happy Easter Day Party Games Favors Basket Filler Stuffers,$4.99,https://m.media-amazon.com/images/I/81Up4uxNnVL._AC_UL320_.jpg
The Children's Place girls Lucky Girl Graphic Short Sleeve Tee,$4.99,https://m.media-amazon.com/images/I/71GxxF4xeGL._AC_UL320_.jpg
60 Pieces Easter Temporary Tattoos for Kids, Glow in The Dark Easter Basket Stuffers, Easter Eggs Bunny Gnome Tattoo Stickers, Easter Decorations Party Favors Supplies Gifts for Boys Girls,$5.59,https://m.media-amazon.com/images/I/813m0MX2vNL._AC_UL320_.jpg
Bubble Machine Gun for Kids, 3-in-1 Holes Bubble Gun Toys for 3 4 5 6 7 8+ Year Old Boys Girls, Easter Basket Stuffers Toy Gift for Outdoor Indoor Birthday Wedding Party Favor,$39.99,https://m.media-amazon.com/images/I/81cXglfIUuL._AC_UL320_.jpg
Hidepoo Easter Gifts for Girls - Unicorns Gifts for Girls, S925 Sterling Silver CZ Unicorn Necklace Initial A Heart Necklace Unicorn Necklaces for Girls Teen Girls Jewelry Unicorn Gifts for Girls,$49.99,https://m.media-amazon.com/images/I/61iPcnBO7RL._AC_UL320_.jpg
Easter Gifts for Women Girls, Adjustable Stainless Steel Bunny Bracelets Cute Rabbit Charm Bracelets Letter Initial Charm Bracelets Easter Bunny Bracelets Easter Gifts for Women Girls Jewelry,$14.99,https://m.media-amazon.com/images/I/714KjfeoaFL._AC_UL320_.jpg
Rainbow Unicorn Kids Sofa with Star Throw Pillow, High Back Toddler Chair Glow in The Dark for Boys and Girls, Pink,$69.99,https://m.media-amazon.com/images/I/81u0gkceQfL._AC_UL320_.jpg
Hatchimals Alive, Spring Basket Toy with 6 Mini Figures, 3 Self-Hatching Eggs, Fun Gift and Easter Basket Stuffers for Ages 3 and up,$11.49,https://m.media-amazon.com/images/I/71Oq1ziubgL._AC_UL320_.jpg
12 Pcs Prefilled Easter Eggs with Squeeze Fidget Toys, Easter Stress Relief Bunny for Kids, Easter Basket Stuffers, Easter Eggs with Toys Inside, Easter Eggs Hunt Party Favors Gifts for Boys & Girls,$13.99,https://m.media-amazon.com/images/I/81iRjk5SmEL._AC_UL320_.jpg
SpringFlower Glow in The Dark Easter White Eggs Painting Kit,Paintable Hanging Flocking Eggs with Rope, Doodle Kit for DIY Design, Easter Decoration, Egg Hunts, Basket Fillers, Easter Gift,24PCS,$12.99,https://m.media-amazon.com/images/I/818z4EqnYGL._AC_UL320_.jpg
139 Pack Prefilled Easter Eggs with Toys Inside, Easter Basket Stuffers Plastic Easter Eggs Fillers Easter Party Favors Classroom Prizes Easter Eggs Hunt Easter Gifts Easter Basket for Kids,$31.99,https://m.media-amazon.com/images/I/81aVySBVeBL._AC_UL320_.jpg
Move2Play, Egg Toss, Hilariously Wild and Fun, Easter Basket Stuffer, Easter Gift for Kids and Toddlers, Kids Game,$19.99,https://m.media-amazon.com/images/I/814OAaMvyxL._AC_UL320_.jpg
Easter Bunny Basket for Kids - Pink Personalized Baskets for Girls Durable Handmade Cotton Woven Bag, Large Capacity Bucket for Egg Hunt, Candy, Gifts Storage Baskets for Boys Toddler & Baby,$12.99,https://m.media-amazon.com/images/I/71Pabr4tHgL._AC_UL320_.jpg
The Eggmazing Egg Decorator Easter Egg Decorator Kit - Arts and Crafts Set - Includes Egg Decorating Spinner and 8 Colorful Quick Drying Non Toxic Markers (Blue),$27.99,https://m.media-amazon.com/images/I/71iXw2hr9aL._AC_UL320_.jpg
JoFAN 24 Pack Plastic Prefilled Easter Eggs with Easter Mochi Squishy Toys Inside for Kids Boys Girls Toddlers Easter Basket Stuffers Gifts Easter Egg Fillers,$14.99,https://m.media-amazon.com/images/I/71u8zrEw4eL._AC_UL320_.jpg
10PCS Easter Basket Stuffers Filled with Bunny Stress Balls Toy Inside，Easter Egg Party Favor Gifts for Kids Children Adults,$8.99,https://m.media-amazon.com/images/I/71GTln8n-GL._AC_UL320_.jpg
Dan&Darci Easter Unicorn Hatching Surprise Eggs for Kids - 6 Pack - Grows 600% - Unicorn Toys for Girls & Boys Age 3-8 - Gift Ideas and Party Favors for 3+ Year Old Girl - Gifts for Ages 3 4 5 6 7 8,$14.99,https://m.media-amazon.com/images/I/81l2lLrw1WL._AC_UL320_.jpg
Sloosh Easter Bunny Bubble Gun for Toddlers 3+, Pink Bunny Light Up Bubble Blower with 6 Bubble Refill Solution for Kids Ages 4-8, Bubble Machine Gun for Birthday Party Gifts, Outdoor, Easter,$9.99,https://m.media-amazon.com/images/I/81Tn91HBq7L._AC_UL320_.jpg
The Children's Place boys American Dino Graphic Short Sleeve Tee,$11.50,https://m.media-amazon.com/images/I/71kTv0t-t2L._AC_UL320_.jpg
Easter Stickers for Kids, 12 Sheets Easter Bunny Stickers Make-a-Bunny/Egg/Chick/Sheep Games for Kids Easter Party Supplies,$3.99,https://m.media-amazon.com/images/I/81DwHjUBSBL._AC_UL320_.jpg
Easter Eggs Squishy Toys - 12 PCS Easter Eggs Stress Ball Easter Basket Stuffers Fillers, Sparkles Squeeze Toys Easter Eggs Hunt Party Favors for Kids Boys Girls,$9.99,https://m.media-amazon.com/images/I/71qQPR2gCBL._AC_UL320_.jpg
The Children's Place baby boys Easter Chick Short Sleeve Graphic T Shirt,$10.50,https://m.media-amazon.com/images/I/71iJzjIu76L._AC_UL320_.jpg
Easter Egg Bath Bombs for Kids with Surprise Inside, 9 PCS Oversized Handmade Bath Bombs for Girl Boy Toddlers Aged 3-12, Rabbit Toys Gift for Easter, Birthday,$22.99,https://m.media-amazon.com/images/I/61koo7oyn5L._AC_UL320_.jpg
8 Pack Jumbo Easter Eggs Fillers with Wind Up Chicks Bunny Plush, Easter Basket Stuffers with Toys Inside, Prefilled Easter Eggs Easter Egg Hunt Party Favors for Kids Toddler Teens Boys Girls,$21.99,https://m.media-amazon.com/images/I/71h1Qr-azUL._AC_UL320_.jpg
ARKENY Happy Easter Table Runner 13x72 Inches, Bunny Rabbit Floral Spring Holiday Farmhouse Polka Dot Green Burlap Indoor Table Decorations for Home AT558-72,$5.99,https://m.media-amazon.com/images/I/81fjWHRuJoL._AC_UL320_.jpg
The Beginner's Bible the Very First Easter,$3.49,https://m.media-amazon.com/images/I/81QiZCyeZ8L._AC_UL320_.jpg
100Pack Prefilled Easter Eggs with Toys Inside Plus Easter Baskets for Kids, Easter Toys Party Favors for Kids Boys Girls, Easter Egg Fillers, Easter Basket Stuffers, Easter Eggs Hunt Classroom Prize,$31.99,https://m.media-amazon.com/images/I/810GGJerLAL._AC_UL320_.jpg
Anditoy 8 Pack Jumbo Unicorn & Dinosaur Deformation Eggs Prefilled Plastic Easter Eggs with Toys Inside for Kids Boys Girls Toddlers Easter Basket Stuffers Gifts Fillers Party Favors,$14.99,https://m.media-amazon.com/images/I/71P-5E0hWBL._AC_UL320_.jpg
12 Pack Filled Easter Eggs with Toys Inside Chick Duck LED Puffer Balls, Light Up Stress Relief Fidget Toys Easter Egg Fillers for Easter Egg Hunt Prizes Easter Basket Stuffers for Kids Boys Girls,$19.99,https://m.media-amazon.com/images/I/813oBQaGjfL._AC_UL320_.jpg
1 Pack Easter Coloring Tablecloth for Kids, Disposable Easter Tablecloths Coloring Table Cloth Kids Paper Tablecloth Rectangle Table Cover for Children Easter Holiday Party Favors 54x108 Inch,$8.99,https://m.media-amazon.com/images/I/91WEQYfNeyL._AC_UL320_.jpg
Colorful Easter Rabbit Wooden Dangle Earrings Cute Candy Color Rabbit Animal Wood Earrings for Women Girls Jewelry,$5.99,https://m.media-amazon.com/images/I/41Cr4W3rTCL._AC_UL320_.jpg
2024 TERRAMUS Easter Eggs Toys, 6-Pack Spinning Tops, LED Light Up Toys, Lighting & Singing Party Favors Easter Basket Stuffers, Plastic Easter Eggs, Valentines Day Easter Gifts for Kids 3+ Boys Girls,$25.99,https://m.media-amazon.com/images/I/81+EADaZNRL._AC_UL320_.jpg
The Children's Place baby boys Easter Bunny Graphic Short Sleeve T shirt,$4.99,https://m.media-amazon.com/images/I/718JYvLDL+L._AC_UL320_.jpg
24 Sheets Easter Stickers - Make Your Own Stickers for Kids Toddlers, Make a Face Stickers with Easter Animal Easter Basket Stuffers, Easter Gift for Kids,$3.99,https://m.media-amazon.com/images/I/81PZp5CKeUL._AC_UL320_.jpg
7pcs Easter Heishi Bracelets Polymer Clay Elastic Bracelets Man Woman Party Easter Bunny Egg Bracelets,$9.99,https://m.media-amazon.com/images/I/71rqpQ6sXdL._AC_UL320_.jpg
The Children's Place Easter Family Matching Snug Fit Cotton Pajamas,$17.97,https://m.media-amazon.com/images/I/71iYHcGdEiL._AC_UL320_.jpg
The Farting Gingerbread Bunny: Easter Basket Stuffers Featuring the Classic Tale of The Gingerbread Man,$8.99,https://m.media-amazon.com/images/I/51VQvrWjWLL._AC_UL320_.jpg
4-Pack Colorful Easter Toy Eggs Lighting, Spinning, Singing - Perfect Easter Basket Stuffers & Gifts for Kids 3+ - Boys & Girls Party Favors,$13.99,https://m.media-amazon.com/images/I/71ARVNEKK4L._AC_UL320_.jpg
Easter Hidden Pictures Puffy Sticker Playscenes (Highlights Puffy Sticker Playscenes),Null,https://m.media-amazon.com/images/I/81SkTNojKqL._AC_UL320_.jpg
Colorful Easter Rabbit Wooden Dangle Earrings for Women Handmade Wooden Bunny Earrings Cute Leopard Rabbit Duck Chicken Carrot Egg Easter Earrings Gift,$3.65,https://m.media-amazon.com/images/I/61t5KS42VXL._AC_UL320_.jpg
Easter Pop Up Toys for Toddlers, Toddler Toys for Easter Bakset Stuffers, Early Educational Toys, Interactive Pop Up Easter Toys, Easter Toddler Toys for Boys and Girls Age 18+ Months,$12.99,https://m.media-amazon.com/images/I/71hcbS7vIrL._AC_UL320_.jpg
Squishmallows 10-Inch Valentina The Grey Bunny - Official Jazwares 2024 Easter Plush- Collectible Cute Soft & Squishy Bunny Stuffed Animal Toy - Add to Your Squad - Gift for Kids, Girls & Boys,$26.99,https://m.media-amazon.com/images/I/71rd4icIiLL._AC_UL320_.jpg
Easter Basket Stuffers, 12 Pack Squishy Toys with Mini Easter Baskets Slow Rising Easter Egg Bunny Keychain Easter Gift for Kids Boys Girls Party Favors Classroom Rewards,$6.99,https://m.media-amazon.com/images/I/71SwtAYQzcL._AC_UL320_.jpg
Easter Gifts for Girls, Easter Bracelets Basket Stuffers Bunny Gifts for Girls Teens,$11.33,https://m.media-amazon.com/images/I/71QHkIN4KDL._AC_UL320_.jpg
18-Inch Inflatable Easter Eggs Outdoor Decorations, 12 Pcs Large Colorful Easter Egg Inflatables, Holiday Giant Decorative Hanging Blow Ups Ornaments for Yard, Lawn and Party,$26.99,https://m.media-amazon.com/images/I/719FJHs+srL._AC_UL320_.jpg
Bubble Machine Gun for Kids, 3-in-1 Holes Bubble Gun Toys for 3 4 5 6 7 8+ Year Old Boys Girls, Easter Basket Stuffers Toy Gift for Outdoor Indoor Birthday Wedding Party Favor,$39.99,https://m.media-amazon.com/images/I/81cXglfIUuL._AC_UL320_.jpg
ThinkFun Gravity Maze Marble Run Brain Game and STEM Toy for Boys and Girls Age 8 and Up: Toy of the Year Award Winner,$27.99,https://m.media-amazon.com/images/I/81xZ2fdTc7L._AC_UL320_.jpg
Babies First Easter, Easter Picture Frames | Easter Gifts for Babies 1 Year Old | My First Easter Picture Frame | Frame Measures 8.25 x 7 for a 3.5 x 5 Photo, Tabletop or Wall Mount,$15.95,https://m.media-amazon.com/images/I/81sUE8uKVHL._AC_UL320_.jpg
4 Ft Easter Inflatable Bunny with LED Light, Easter Party Decor Outdoor Decorations for Yard Garden Lawn,$29.99,https://m.media-amazon.com/images/I/81Q0Dd2t-4L._AC_UL320_.jpg
JOYIN 36 PCS Easter Match Make a Face Stickers with Easter Chick Bunny Sheep Egg Pattern, Stickers for Kids, Easter Decorations for Water Bottle, Basket Stuffers,Classroom Gifts,$9.99,https://m.media-amazon.com/images/I/917YBhkr3FL._AC_UL320_.jpg
LEGO Bird’s Nest Building Toy Kit, Makes a Great Easter Basket Filler and Easter Gift Idea for Kids, 40639,$12.98,https://m.media-amazon.com/images/I/81Zx57hy6FL._AC_UL320_.jpg
Dan&Darci Egg Squishy Painting Kit - Arts and Crafts for Girls and Boys - Kids Easter Art Activities - Craft Gift for Kids Ages 4 5 6 7 8 9 10 Year Old Girls - Paint 6 Slow Rising Squishies,$12.99,https://m.media-amazon.com/images/I/71L8RnxYtJL._AC_UL320_.jpg
Easter Basket Stuffers, 4 Pack Squishy Easter Bunny Stress Balls for Adults, Easter Basket Stuffers, Easter Toys Stress Relief Fidget Balls ,Easter Basket Ideas Gifts,$12.99,https://m.media-amazon.com/images/I/71IarGeYE5L._AC_UL320_.jpg
Washable Incontinence Bed Pad, 36x38 Inch-4 Packs Reusable Bed Underpads, Waterproof Bed Pad with Better Liquid Absorption Perfect for Kids, Adults, Elderly, and Pets,$35.99,https://m.media-amazon.com/images/I/71WYIjLpZTL._AC_UL320_.jpg
The Children's Place girls Lucky Girl Graphic Short Sleeve Tee,$4.99,https://m.media-amazon.com/images/I/71GxxF4xeGL._AC_UL320_.jpg
24 Pack Easter Eggs Galaxy Slime Toys, Easter Eggs Filled with Slime for Kids Boys Girls Toddlers Easter Basket Stuffers, Easter Eggs with Stress Relief Toys Inside for Kids Party Favors, Easter Gifts,$15.99,https://m.media-amazon.com/images/I/81QTlrt0BJL._AC_UL320_.jpg
Squishmallows Original 8-Inch Empressa Pink Chick Easter Egg - Official Jazwares Plush,$12.99,https://m.media-amazon.com/images/I/61UHoVe+k9L._AC_UL320_.jpg
3 Pack Airplane Launcher Toy, Foam Airplane Toy for 4 5 6 7 8 9 Year Old Boys, Plane Toy for Boys Age 4-6 6-8, Outdoor Toys for Kids Gifts for 4 5 6 7 8 9 10 12 Year Old Boys Girls,$21.99,https://m.media-amazon.com/images/I/81E2ObpqHIL._AC_UL320_.jpg
Easter Gifts for Teens Girls - Teen Girl Gifts, Gifts for Teen Girl, Year Old Girl Gifts, Teenage Girl Gifts, Birthday Gifts for Girls, Personalized Travel Initial Makeup Bag for Women M,$9.99,https://m.media-amazon.com/images/I/71fSLBVz-+L._AC_UL320_.jpg
Dinosaur Gifts Toys for Boys Girls - Glow in The Dark Dino Blanket Best Christmas Birthday Valentine's Day Easter Presents for Kids Age 1 2 3 4 5 6 7 8 9 10 Year Old Child Teen Soft Throw 50"x60",$19.99,https://m.media-amazon.com/images/I/81WGEV+MSdL._AC_UL320_.jpg
Washable Incontinence Bed Pad, 36x38 Inch-4 Packs Reusable Bed Underpads, Waterproof Bed Pad with Better Liquid Absorption Perfect for Kids, Adults, Elderly, and Pets,$35.99,https://m.media-amazon.com/images/I/71WYIjLpZTL._AC_UL320_.jpg
Pop Fidget Balls Easter Toys, Easter Basket Stuffers, Stress Balls Autism Sensory Toys Gifts for Adult and Kids, Eggs and Rabbit Squeeze Toy (6 Pack A),$9.99,https://m.media-amazon.com/images/I/71wvMooCSzL._AC_UL320_.jpg
Hatchimals Alive, Spring Basket Toy with 6 Mini Figures, 3 Self-Hatching Eggs, Fun Gift and Easter Basket Stuffers for Ages 3 and up,$11.49,https://m.media-amazon.com/images/I/71Oq1ziubgL._AC_UL320_.jpg
Play Doh Eggs 24-Pack of Non-Toxic Modeling Compound, Party Favors, Kids Easter Basket Stuffers, Egg Fillers, Gifts, Pinata Toys, and More, Ages 2+ (Amazon Exclusive),$19.76,https://m.media-amazon.com/images/I/71OHTuBoL+L._AC_UL320_.jpg
12 Pcs Prefilled Easter Eggs with Squeeze Fidget Toys, Easter Stress Relief Bunny for Kids, Easter Basket Stuffers, Easter Eggs with Toys Inside, Easter Eggs Hunt Party Favors Gifts for Boys & Girls,$13.99,https://m.media-amazon.com/images/I/81iRjk5SmEL._AC_UL320_.jpg
LEVSOX Plus Size Compression Socks for Women Men Wide Calf Extra Large 15-20 mmHg Knee High Sock for Nurses Pregnant Travel,$26.99,https://m.media-amazon.com/images/I/61sKx795xmL._AC_UL320_.jpg
4PCS Fun Hair Pulling Fidget Screaming Monster Toys, Anti Anxiety Toys and Venting Novelty Toys, Different Screams Made by Hair Pulling, for 3 4 5 6 7+ Kids Teens Boys Girls,$19.99,https://m.media-amazon.com/images/I/81Bvg01Ax2L._AC_UL320_.jpg
Juegoal 12 Pack Easter Eggs Filled with Mini Animal Plush Toy Set, Cute Small Stuffed Basket Animal Keychain Set, Goodie Bag Fillers, Carnival Prizes, Assortment Kids Easter Egg Filter Party Favors,$17.99,https://m.media-amazon.com/images/I/711D7yJ8dEL._AC_UL320_.jpg
JOYIN 144 PCS 2.3" Easter Eggs, Bright Plastic Easter Eggs Fillable, Assorted Colors Empty Eggs Bulks for Easter Hunt, Filling Treats, Party Favor, Easter Basket Stuffers, Classroom Prize Supplies,$11.99,https://m.media-amazon.com/images/I/81Hl6k9qCcL._AC_UL320_.jpg
[ Score Ring ] 2 Pack Easter Inflatable Bunny Rabbit Ears Ring Toss Party Games (2 Set & 8 Rings) Indoor Outdoor Rabbit Ring Toss Toys Gift Party Favors Kids Family Easter Party Supplies Carnival Game,$11.99,https://m.media-amazon.com/images/I/71GgKZTTp8L._AC_UL320_.jpg
GMAOPHY 24 Pcs Easter Basket Stuffers, Easter Eggs with Toys Light Up Necklaces, Easter Toys in Bulk, Easter Egg Fillers, Easter Party Favors for Kids, Easter Hunt Party Gifts for Boys & Girls,$7.99,https://m.media-amazon.com/images/I/81Qh7iky1xL._AC_UL320_.jpg
Move2Play, Egg Toss, Hilariously Wild and Fun, Easter Basket Stuffer, Easter Gift for Kids and Toddlers, Kids Game,$19.99,https://m.media-amazon.com/images/I/814OAaMvyxL._AC_UL320_.jpg
Light Up Bunny Easter Bubble Wand, 14 Inch Illuminating Blower with Thrilling LED & Sound Effect, Bubbles for Kids Ages 3 4 5 6 Bubble Toys, Easter Basket Stuffers for Toddler,$13.99,https://m.media-amazon.com/images/I/61-9NKxUWHL._AC_UL320_.jpg
Sloosh Easter Bunny Bubble Gun for Toddlers 3+, Pink Bunny Light Up Bubble Blower with 6 Bubble Refill Solution for Kids Ages 4-8, Bubble Machine Gun for Birthday Party Gifts, Outdoor, Easter,$11.99,https://m.media-amazon.com/images/I/81Tn91HBq7L._AC_UL320_.jpg
The Dreidel Company Fillable Easter Eggs with Hinge Bulk Colorful Bright Plastic Easter Eggs, Perfect for Easter Egg Hunt, Suprise Egg, Easter Hunt, 2.25" Assorted Colors (50-Pack),$8.99,https://m.media-amazon.com/images/I/61QVY-1LQ-L._AC_UL320_.jpg
24pcs Easter Stickers for Kid, Make-a-face Easter Stickers Easter Egg Farm Animal Rabbit Chicks Sheeps Easter Stickers Gifts for Kids Family Schools Classroom Activities Party Favor Supplies,$3.99,https://m.media-amazon.com/images/I/81tYHxST7uL._AC_UL320_.jpg
Officygnet 2 Packs Easter Bunny Bubble Machine Wands for Toddlers, Automatic Bubble Blower with Light, Bubble Maker Toys for Boys Girls, Easter Basket Stuffers for Kids, Easter Party Favor,$21.99,https://m.media-amazon.com/images/I/71LUywxwk7L._AC_UL320_.jpg
Easter Stickers for Kids, 12 Sheets Easter Bunny Stickers Make-a-Bunny/Egg/Chick/Sheep Games for Kids Easter Party Supplies,$3.95,https://m.media-amazon.com/images/I/81DwHjUBSBL._AC_UL320_.jpg
JoFAN 24 Pack Plastic Prefilled Easter Eggs with Easter Mochi Squishy Toys Inside for Kids Boys Girls Toddlers Easter Basket Stuffers Gifts Easter Egg Fillers,$12.99,https://m.media-amazon.com/images/I/71u8zrEw4eL._AC_UL320_.jpg
24 Sheets Easter Stickers - Easter Make-a-face Stickers for Kids, Easter Basket Stuffers for Toddlers Easter Treats Gifts for Kids Easter Activities Party Favor Supplies,$4.99,https://m.media-amazon.com/images/I/81BHPmSMvaL._AC_UL320_.jpg
The Eggmazing Egg Decorator Easter Egg Decorator Kit - Arts and Crafts Set - Includes Egg Decorating Spinner and 8 Colorful Quick Drying Non Toxic Markers (Blue),$27.99,https://m.media-amazon.com/images/I/71iXw2hr9aL._AC_UL320_.jpg
SpringFlower Glow in The Dark Easter White Eggs Painting Kit,Paintable Hanging Flocking Eggs with Rope, Doodle Kit for DIY Design, Easter Decoration, Egg Hunts, Basket Fillers, Easter Gift,24PCS,$14.99,https://m.media-amazon.com/images/I/818z4EqnYGL._AC_UL320_.jpg
Dan&Darci Easter Unicorn Hatching Surprise Eggs for Kids - 6 Pack - Grows 600% - Unicorn Toys for Girls & Boys Age 3-8 - Gift Ideas and Party Favors for 3+ Year Old Girl - Gifts for Ages 3 4 5 6 7 8,$14.99,https://m.media-amazon.com/images/I/81l2lLrw1WL._AC_UL320_.jpg
The Children's Place baby boys Easter Chick Short Sleeve Graphic T Shirt,$10.50,https://m.media-amazon.com/images/I/71iJzjIu76L._AC_UL320_.jpg
The Children's Place baby boys Easter Bunny Graphic Short Sleeve T shirt,$4.99,https://m.media-amazon.com/images/I/718JYvLDL+L._AC_UL320_.jpg
The Beginner's Bible the Very First Easter,$3.49,https://m.media-amazon.com/images/I/81QiZCyeZ8L._AC_UL320_.jpg
Easter Eggs Squishy Toys - 12 PCS Easter Eggs Stress Ball Easter Basket Stuffers Fillers, Sparkles Squeeze Toys Easter Eggs Hunt Party Favors for Kids Boys Girls,$9.99,https://m.media-amazon.com/images/I/71qQPR2gCBL._AC_UL320_.jpg
Easter Egg Bath Bombs for Kids with Surprise Inside, 9 PCS Oversized Handmade Bath Bombs for Girl Boy Toddlers Aged 3-12, Rabbit Toys Gift for Easter, Birthday,$22.99,https://m.media-amazon.com/images/I/61koo7oyn5L._AC_UL320_.jpg
10PCS Easter Basket Stuffers Filled with Bunny Stress Balls Toy Inside，Easter Egg Party Favor Gifts for Kids Children Adults,$9.99,https://m.media-amazon.com/images/I/71GTln8n-GL._AC_UL320_.jpg
7pcs Easter Heishi Bracelets Polymer Clay Elastic Bracelets Man Woman Party Easter Bunny Egg Bracelets,$9.99,https://m.media-amazon.com/images/I/71rqpQ6sXdL._AC_UL320_.jpg
Colorful Easter Rabbit Wooden Dangle Earrings Cute Candy Color Rabbit Animal Wood Earrings for Women Girls Jewelry,$5.99,https://m.media-amazon.com/images/I/41Cr4W3rTCL._AC_UL320_.jpg
1 Pack Easter Coloring Tablecloth for Kids, Disposable Easter Tablecloths Coloring Table Cloth Kids Paper Tablecloth Rectangle Table Cover for Children Easter Holiday Party Favors 54x108 Inch,$8.99,https://m.media-amazon.com/images/I/91WEQYfNeyL._AC_UL320_.jpg
Easter Gifts for Girls, Easter Bracelets Basket Stuffers Bunny Gifts for Girls Teens,$11.33,https://m.media-amazon.com/images/I/71QHkIN4KDL._AC_UL320_.jpg
100Pack Prefilled Easter Eggs with Toys Inside Plus Easter Baskets for Kids, Easter Toys Party Favors for Kids Boys Girls, Easter Egg Fillers, Easter Basket Stuffers, Easter Eggs Hunt Classroom Prize,$31.99,https://m.media-amazon.com/images/I/810GGJerLAL._AC_UL320_.jpg
2024 TERRAMUS Easter Eggs Toys, 6-Pack Spinning Tops, LED Light Up Toys, Lighting & Singing Party Favors Easter Basket Stuffers, Plastic Easter Eggs, Valentines Day Easter Gifts for Kids 3+ Boys Girls,$25.99,https://m.media-amazon.com/images/I/81+EADaZNRL._AC_UL320_.jpg
The Farting Gingerbread Bunny: Easter Basket Stuffers Featuring the Classic Tale of The Gingerbread Man,$8.99,https://m.media-amazon.com/images/I/51VQvrWjWLL._AC_UL320_.jpg
Colorful Easter Rabbit Wooden Dangle Earrings for Women Handmade Wooden Bunny Earrings Cute Leopard Rabbit Duck Chicken Carrot Egg Easter Earrings Gift,$3.65,https://m.media-amazon.com/images/I/61t5KS42VXL._AC_UL320_.jpg
Tagitary Plush Toys Bunny Toys for Kids with Sounds,Can Walk,Wiggle Ears,Twitch Mouth and Nose,Hopping Interactive Electronic Rabbit Toys with Leash,Easter Christmas Birthday Gift for Toddlers Kids,$17.99,https://m.media-amazon.com/images/I/71PvrPAsM6L._AC_UL320_.jpg
Easter Basket Stuffers, 12 Pack Squishy Toys with Mini Easter Baskets Slow Rising Easter Egg Bunny Keychain Easter Gift for Kids Boys Girls Party Favors Classroom Rewards,$6.99,https://m.media-amazon.com/images/I/71SwtAYQzcL._AC_UL320_.jpg
Easter Pop Up Toys for Toddlers, Toddler Toys for Easter Bakset Stuffers, Early Educational Toys, Interactive Pop Up Easter Toys, Easter Toddler Toys for Boys and Girls Age 18+ Months,$14.99,https://m.media-amazon.com/images/I/71hcbS7vIrL._AC_UL320_.jpg
Gymboree Boys and Toddler Short Sleeve Polo Shirt,$15.98,https://m.media-amazon.com/images/I/81LSGygArRL._AC_UL320_.jpg
Easter Various Bunny Shirts for Women Easter Egg Leopard Bunny Graphic Tee Spring Cute Tops,$14.99,https://m.media-amazon.com/images/I/61JeZOW1ppL._AC_UL320_.jpg
18-Inch Inflatable Easter Eggs Outdoor Decorations, 12 Pcs Large Colorful Easter Egg Inflatables, Holiday Giant Decorative Hanging Blow Ups Ornaments for Yard, Lawn and Party,$26.99,https://m.media-amazon.com/images/I/719FJHs+srL._AC_UL320_.jpg
The Children's Place boys American Dino Graphic Short Sleeve Tee,$11.50,https://m.media-amazon.com/images/I/61VAJf4rVTL._AC_UL320_.jpg
The Children's Place girls Fair Vibes Graphic Tee,$4.99,https://m.media-amazon.com/images/I/81+AmWavjvL._AC_UL320_.jpg
Easter Hidden Pictures Puffy Sticker Playscenes (Highlights Puffy Sticker Playscenes),Null,https://m.media-amazon.com/images/I/81SkTNojKqL._AC_UL320_.jpg
JOYIN 60 PCS Prefilled Pastel Eggs with Assorted Toys, Stuffed Eggs for Easter Egg Hunt, Kids Easter Basket Stuffer Filler, Party Favor Decoration Supply, Classroom Prize, Easter Toys Bulk,$29.99,https://m.media-amazon.com/images/I/91cTyPwu7KL._AC_UL320_.jpg
600 Pcs Easter Eggs,2.35" Assorted Bright Colors Plastic Easter Eggs for Easter Hunt,Easter Themed Decorations,Basket Stuffers Fillers (600 Pcs),$39.99,https://m.media-amazon.com/images/I/71N8TivyRSL._AC_UL320_.jpg
LEGO Bird’s Nest Building Toy Kit, Makes a Great Easter Basket Filler and Easter Gift Idea for Kids, 40639,$12.98,https://m.media-amazon.com/images/I/81Zx57hy6FL._AC_UL320_.jpg
Dan&Darci Egg Squishy Painting Kit - Arts and Crafts for Girls and Boys - Kids Easter Art Activities - Craft Gift for Kids Ages 4 5 6 7 8 9 10 Year Old Girls - Paint 6 Slow Rising Squishies,$12.99,https://m.media-amazon.com/images/I/71L8RnxYtJL._AC_UL320_.jpg
Easter Basket Stuffers, 4 Pack Squishy Easter Bunny Stress Balls for Adults, Easter Basket Stuffers, Easter Toys Stress Relief Fidget Balls ,Easter Basket Ideas Gifts,$12.99,https://m.media-amazon.com/images/I/71IarGeYE5L._AC_UL320_.jpg
JOYIN 2 Kids Bubble Gun with 2 Bottles Bubble Refill Solution, Bubble Guns Kids 4-8, Bubble Machine Gun for Toddlers 1-3, Bubble Gun Blaster Party Favors, Summer Toy, Outdoors, Easter, Birthday Gift,$22.99,https://m.media-amazon.com/images/I/81EntHBHC6L._AC_UL320_.jpg
30 Packs Filled Easter Eggs with Easter Mochi Squishy Toys for Kids Toddlers Easter Basket Stuffers Gifts,Easter Egg Fillers Eggs Hunt Party Favors,$13.99,https://m.media-amazon.com/images/I/814Kk8ZGHRL._AC_UL320_.jpg
The Children's Place girls Lucky Girl Graphic Short Sleeve Tee,$4.99,https://m.media-amazon.com/images/I/71GxxF4xeGL._AC_UL320_.jpg
24 Pack Easter Eggs Galaxy Slime Toys, Easter Eggs Filled with Slime for Kids Boys Girls Toddlers Easter Basket Stuffers, Easter Eggs with Stress Relief Toys Inside for Kids Party Favors, Easter Gifts,$17.99,https://m.media-amazon.com/images/I/81QTlrt0BJL._AC_UL320_.jpg
Squishmallows Original 8-Inch Empressa Pink Chick Easter Egg - Official Jazwares Plush,$12.99,https://m.media-amazon.com/images/I/61UHoVe+k9L._AC_UL320_.jpg
Hatchimals Alive, Spring Basket Toy with 6 Mini Figures, 3 Self-Hatching Eggs, Fun Gift and Easter Basket Stuffers for Ages 3 and up,$11.49,https://m.media-amazon.com/images/I/71Oq1ziubgL._AC_UL320_.jpg
Play Doh Eggs 24-Pack of Non-Toxic Modeling Compound, Party Favors, Kids Easter Basket Stuffers, Egg Fillers, Gifts, Pinata Toys, and More, Ages 2+ (Amazon Exclusive),$19.76,https://m.media-amazon.com/images/I/71OHTuBoL+L._AC_UL320_.jpg
KOKODI LCD Writing Tablet, 10 Inch Colorful Toddler Doodle Board Drawing Tablet, Erasable Reusable Electronic Drawing Pads, Educational and Learning Toy for 3-6 Years Old Boy and Girls,$13.99,https://m.media-amazon.com/images/I/71JXJ0I9e-L._AC_UL320_.jpg
Pop Fidget Balls Easter Toys, Easter Basket Stuffers, Stress Balls Autism Sensory Toys Gifts for Adult and Kids, Eggs and Rabbit Squeeze Toy (6 Pack A),$9.99,https://m.media-amazon.com/images/I/71wvMooCSzL._AC_UL320_.jpg
12 Pcs Prefilled Easter Eggs with Squeeze Fidget Toys, Easter Stress Relief Bunny for Kids, Easter Basket Stuffers, Easter Eggs with Toys Inside, Easter Eggs Hunt Party Favors Gifts for Boys & Girls,$13.99,https://m.media-amazon.com/images/I/81iRjk5SmEL._AC_UL320_.jpg
[ Score Ring ] 2 Pack Easter Inflatable Bunny Rabbit Ears Ring Toss Party Games (2 Set & 8 Rings) Indoor Outdoor Rabbit Ring Toss Toys Gift Party Favors Kids Family Easter Party Supplies Carnival Game,$11.99,https://m.media-amazon.com/images/I/71GgKZTTp8L._AC_UL320_.jpg
GMAOPHY 24 Pcs Easter Basket Stuffers, Easter Eggs with Toys Light Up Necklaces, Easter Toys in Bulk, Easter Egg Fillers, Easter Party Favors for Kids, Easter Hunt Party Gifts for Boys & Girls,$11.99,https://m.media-amazon.com/images/I/81Qh7iky1xL._AC_UL320_.jpg
Cordless Vacuum Cleaner, 265W Powerful 25Kpa Stick Vacuum, 45 Min Max Runtime, Free-Standing, 6 in 1 Lightweight Handheld Vacuum with LED Display for Carpet Hard Floor Pet Hair,$80.99,https://m.media-amazon.com/images/I/61-YyyvXy7L._AC_UL320_.jpg
Easter Inflatable Bunny Ears Ring Toss Game,Inflatable Rabbit Ears Toys Gift for Kid Family School Party,Favor Indoor Outdoor Toss Game(3 Sets & 18Rings & 1 Medals,$11.99,https://m.media-amazon.com/images/I/7142fCb7oWL._AC_UL320_.jpg
Kids Art Frame, Front Opening Kids Picture Frames 8.5x11 with Mat, 10x12.5 without Mat, Changeable Display Storage Holds 100 Pcs (2 Pack Black),$26.99,https://m.media-amazon.com/images/I/81Jghgs-SeL._AC_UL320_.jpg
2 Pack Easter Yard Signs Vintage Bunnies Outdoor Lawn Decorations Easter Eggs Yard Signs with H Stands for Easter Party Spring Patio Lawn Supplies Lawn Garden Decor, 33 x 12.9 Inch,$19.99,https://m.media-amazon.com/images/I/91ENAocQ10L._AC_UL320_.jpg
Move2Play, Egg Toss, Hilariously Wild and Fun, Easter Basket Stuffer, Easter Gift for Kids and Toddlers, Kids Game,$19.99,https://m.media-amazon.com/images/I/814OAaMvyxL._AC_UL320_.jpg
Sloosh Easter Bunny Bubble Gun for Toddlers 3+, Pink Bunny Light Up Bubble Blower with 6 Bubble Refill Solution for Kids Ages 4-8, Bubble Machine Gun for Birthday Party Gifts, Outdoor, Easter,$11.99,https://m.media-amazon.com/images/I/81Tn91HBq7L._AC_UL320_.jpg
Light Up Bunny Easter Bubble Wand, 14 Inch Illuminating Blower with Thrilling LED & Sound Effect, Bubbles for Kids Ages 3 4 5 6 Bubble Toys, Easter Basket Stuffers for Toddler,$13.99,https://m.media-amazon.com/images/I/61-9NKxUWHL._AC_UL320_.jpg
24pcs Easter Stickers for Kid, Make-a-face Easter Stickers Easter Egg Farm Animal Rabbit Chicks Sheeps Easter Stickers Gifts for Kids Family Schools Classroom Activities Party Favor Supplies,$3.99,https://m.media-amazon.com/images/I/81tYHxST7uL._AC_UL320_.jpg
5Pcs Easter Yard Signs Decorations Outdoor Easter Bunny Gnome Lawn Signs with Stakes for Easter Spring Home Party Supplies,$13.99,https://m.media-amazon.com/images/I/71fmDdjutPL._AC_UL320_.jpg
Reading Light Knitting Camping Crochet Accessories, Book Lovers Easter Birthday Gift, Neck Reading Lamp Wide Book Light for Reading at Night, 2000mAh 10-80Hrs Rechargeable Booklight 3 Colors Dimmable,$16.85,https://m.media-amazon.com/images/I/713YLQ+iNYL._AC_UL320_.jpg
2 Pcs Easter Table Decorations Artificial Flower with Bunny Ear, Lighted Easter Desk Decor Bunny Flowers, Easter Tabletop Decorations for Home Table Mantle Office Spring Party,$20.99,https://m.media-amazon.com/images/I/71IGq8wzlZL._AC_UL320_.jpg
Gatherfun Easter Party Activity Poster - 31.5 x 72 Inches,Easter -Themed Happy Easter Party, Versatile Paper Coloring Banner/Table Cover for School Parties and Special Events Decoration,$9.98,https://m.media-amazon.com/images/I/81vLbuC3JcL._AC_UL320_.jpg
Officygnet 2 Packs Easter Bunny Bubble Machine Wands for Toddlers, Automatic Bubble Blower with Light, Bubble Maker Toys for Boys Girls, Easter Basket Stuffers for Kids, Easter Party Favor,$21.99,https://m.media-amazon.com/images/I/71LUywxwk7L._AC_UL320_.jpg
Easter Stickers for Kids, 12 Sheets Easter Bunny Stickers Make-a-Bunny/Egg/Chick/Sheep Games for Kids Easter Party Supplies,$3.95,https://m.media-amazon.com/images/I/81DwHjUBSBL._AC_UL320_.jpg
JoFAN 24 Pack Plastic Prefilled Easter Eggs with Easter Mochi Squishy Toys Inside for Kids Boys Girls Toddlers Easter Basket Stuffers Gifts Easter Egg Fillers,$12.99,https://m.media-amazon.com/images/I/71u8zrEw4eL._AC_UL320_.jpg
The Eggmazing Egg Decorator Easter Egg Decorator Kit - Arts and Crafts Set - Includes Egg Decorating Spinner and 8 Colorful Quick Drying Non Toxic Markers (Blue),$27.99,https://m.media-amazon.com/images/I/71iXw2hr9aL._AC_UL320_.jpg
ThinkMax 24pcs Easter Eggs Filled with Finger Puppets for Easter Basket Stuffers, Easter Eggs Hunt, Easter Party Favor, Easter Gift for Kids,$18.98,https://m.media-amazon.com/images/I/71eRM5V2nIL._AC_UL320_.jpg
12 Pack Prefilled Easter Eggs with Plush Animals, Plastic Easter Eggs Filled with Bunnies and Bears Perfect for Easter Eggs Hunt, Easter Basket Stuffers and Party Favors for Kids Boys and Girls,$17.99,https://m.media-amazon.com/images/I/71gkLkoRneL._AC_UL320_.jpg
Dan&Darci Easter Unicorn Hatching Surprise Eggs for Kids - 6 Pack - Grows 600% - Unicorn Toys for Girls & Boys Age 3-8 - Gift Ideas and Party Favors for 3+ Year Old Girl - Gifts for Ages 3 4 5 6 7 8,$14.99,https://m.media-amazon.com/images/I/81l2lLrw1WL._AC_UL320_.jpg
24 Sheets Easter Stickers - Easter Make-a-face Stickers for Kids, Easter Basket Stuffers for Toddlers Easter Treats Gifts for Kids Easter Activities Party Favor Supplies,$4.99,https://m.media-amazon.com/images/I/81BHPmSMvaL._AC_UL320_.jpg
SpringFlower Glow in The Dark Easter White Eggs Painting Kit,Paintable Hanging Flocking Eggs with Rope, Doodle Kit for DIY Design, Easter Decoration, Egg Hunts, Basket Fillers, Easter Gift,24PCS,$14.99,https://m.media-amazon.com/images/I/818z4EqnYGL._AC_UL320_.jpg
The Children's Place baby boys Easter Chick Short Sleeve Graphic T Shirt,$10.50,https://m.media-amazon.com/images/I/71iJzjIu76L._AC_UL320_.jpg
The Beginner's Bible the Very First Easter,$3.49,https://m.media-amazon.com/images/I/81QiZCyeZ8L._AC_UL320_.jpg
The Children's Place baby boys Easter Bunny Graphic Short Sleeve T shirt,$4.99,https://m.media-amazon.com/images/I/718JYvLDL+L._AC_UL320_.jpg
Easter Eggs Squishy Toys - 12 PCS Easter Eggs Stress Ball Easter Basket Stuffers Fillers, Sparkles Squeeze Toys Easter Eggs Hunt Party Favors for Kids Boys Girls,$9.99,https://m.media-amazon.com/images/I/71qQPR2gCBL._AC_UL320_.jpg
Easter Egg Bath Bombs for Kids with Surprise Inside, 9 PCS Oversized Handmade Bath Bombs for Girl Boy Toddlers Aged 3-12, Rabbit Toys Gift for Easter, Birthday,$22.99,https://m.media-amazon.com/images/I/61koo7oyn5L._AC_UL320_.jpg
10PCS Easter Basket Stuffers Filled with Bunny Stress Balls Toy Inside，Easter Egg Party Favor Gifts for Kids Children Adults,$8.99,https://m.media-amazon.com/images/I/71GTln8n-GL._AC_UL320_.jpg
Colorful Easter Rabbit Wooden Dangle Earrings Cute Candy Color Rabbit Animal Wood Earrings for Women Girls Jewelry,$5.99,https://m.media-amazon.com/images/I/41Cr4W3rTCL._AC_UL320_.jpg
7pcs Easter Heishi Bracelets Polymer Clay Elastic Bracelets Man Woman Party Easter Bunny Egg Bracelets,$9.99,https://m.media-amazon.com/images/I/71rqpQ6sXdL._AC_UL320_.jpg
1 Pack Easter Coloring Tablecloth for Kids, Disposable Easter Tablecloths Coloring Table Cloth Kids Paper Tablecloth Rectangle Table Cover for Children Easter Holiday Party Favors 54x108 Inch,$8.99,https://m.media-amazon.com/images/I/91WEQYfNeyL._AC_UL320_.jpg
Easter Gifts for Girls, Easter Bracelets Basket Stuffers Bunny Gifts for Girls Teens,$11.33,https://m.media-amazon.com/images/I/71QHkIN4KDL._AC_UL320_.jpg
The Children's Place Easter Family Matching Snug Fit Cotton Pajamas,$17.97,https://m.media-amazon.com/images/I/71iYHcGdEiL._AC_UL320_.jpg
2024 TERRAMUS Easter Eggs Toys, 6-Pack Spinning Tops, LED Light Up Toys, Lighting & Singing Party Favors Easter Basket Stuffers, Plastic Easter Eggs, Valentines Day Easter Gifts for Kids 3+ Boys Girls,$25.99,https://m.media-amazon.com/images/I/81+EADaZNRL._AC_UL320_.jpg
100Pack Prefilled Easter Eggs with Toys Inside Plus Easter Baskets for Kids, Easter Toys Party Favors for Kids Boys Girls, Easter Egg Fillers, Easter Basket Stuffers, Easter Eggs Hunt Classroom Prize,$31.99,https://m.media-amazon.com/images/I/810GGJerLAL._AC_UL320_.jpg
Easter Basket Stuffers, 12 Pack Squishy Toys with Mini Easter Baskets Slow Rising Easter Egg Bunny Keychain Easter Gift for Kids Boys Girls Party Favors Classroom Rewards,$6.99,https://m.media-amazon.com/images/I/71SwtAYQzcL._AC_UL320_.jpg
Easter Pop Up Toys for Toddlers, Toddler Toys for Easter Bakset Stuffers, Early Educational Toys, Interactive Pop Up Easter Toys, Easter Toddler Toys for Boys and Girls Age 18+ Months,$14.99,https://m.media-amazon.com/images/I/71hcbS7vIrL._AC_UL320_.jpg
18-Inch Inflatable Easter Eggs Outdoor Decorations, 12 Pcs Large Colorful Easter Egg Inflatables, Holiday Giant Decorative Hanging Blow Ups Ornaments for Yard, Lawn and Party,$26.99,https://m.media-amazon.com/images/I/719FJHs+srL._AC_UL320_.jpg
Tagitary Plush Toys Bunny Toys for Kids with Sounds,Can Walk,Wiggle Ears,Twitch Mouth and Nose,Hopping Interactive Electronic Rabbit Toys with Leash,Easter Christmas Birthday Gift for Toddlers Kids,$17.99,https://m.media-amazon.com/images/I/71PvrPAsM6L._AC_UL320_.jpg
The Children's Place girls Fair Vibes Graphic Tee,$4.99,https://m.media-amazon.com/images/I/81+AmWavjvL._AC_UL320_.jpg
Gymboree Boys and Toddler Short Sleeve Polo Shirt,$15.98,https://m.media-amazon.com/images/I/81LSGygArRL._AC_UL320_.jpg
The Children's Place boys American Dino Graphic Short Sleeve Tee,$11.50,https://m.media-amazon.com/images/I/61VAJf4rVTL._AC_UL320_.jpg
JOYIN 60 PCS Prefilled Pastel Eggs with Assorted Toys, Stuffed Eggs for Easter Egg Hunt, Kids Easter Basket Stuffer Filler, Party Favor Decoration Supply, Classroom Prize, Easter Toys Bulk,$29.99,https://m.media-amazon.com/images/I/91cTyPwu7KL._AC_UL320_.jpg
The Farting Gingerbread Bunny: Easter Basket Stuffers Featuring the Classic Tale of The Gingerbread Man,$10.63,https://m.media-amazon.com/images/I/51VQvrWjWLL._AC_UL320_.jpg
Women Happy Easter T Shirt Gnome Easter Shirt Funny Gnome Graphic T-Shirt Letter Printed Shirts Short Sleeve Tops,$14.98,https://m.media-amazon.com/images/I/71PSZbdfSkL._AC_UL320_.jpg
Easter Various Bunny Shirts for Women Easter Egg Leopard Bunny Graphic Tee Spring Cute Tops,$14.99,https://m.media-amazon.com/images/I/61JeZOW1ppL._AC_UL320_.jpg
